https://alguidelines.dev,
https://www.kristenhosman.com,
https://www.shannonmullinsmsft.com,
https://thedynamicsexplorer.com,
https://www.kerrypeters.com,
https://joshanglesea.wordpress.com, 
https://chrisdsilvablog.wordpress.com,
https://www.matnav.co.uk,
https://www.dynamicsnavconsultant.com,
https://www.fajdiga.info, 
https://bc365.co, 
https://kimdandnavbc.com, 
https://freddysblog.com, 
https://cloudblogs.microsoft.com/dynamics365/author/christianheidedamm,
https://bcinternals.com, 
https://www.waldo.be, 
https://demiliani.com, 
https://www.hougaard.com, 
https://vjeko.com/, 
https://blog.kine.cz,
https://community.dynamics.com/nav/b/andreysnavblog,
https://www.sauravdhyani.com, 
https://www.mynavblog.com, 
https://katson.com, 
https://thinkaboutit.be, 
https://thedenster.com, 
https://robertostefanettinavblog.com, 
https://tobiasfenster.io, 
https://www.kauffmann.nl,
https://dynamics.is, 
https://www.tharangac.com,
https://yzhums.com, 
https://stefanmaron.com,
https://totovic.com,
https://jpearson.blog,
http://jatinnav.com,
https://navessentials.wordpress.com,
https://ricardomoinhos.com/blog, 
https://jeremy.vyska.info, 
https://never-stop-learning.de, 
https://blog.sshadows.dk, 
https://d365bcblog.com,
https://marijebrummel.blog,
https://navinsights.net,
https://kepty.cz,
https://svirlan.com,
https://businesscentralgeek.com,
https://mmilince.com,
https://simonofhh.tech, 
https://thatnavguy.com,
https://mybusinesscentraldiary.wordpress.com,
https://www.fluxxus.nl/,
https://ivansingleton.dev/
https://www.olisterr.tech
https://patrickschiefer.com